Workbook

Sheet Summary
A1: SMS Volume Forecast — Twilio Negotiation
A2: Next 12 months (Nov 2026 - Oct 2027). Messages as counted in Customer.io; Twilio bills per segment.
A4: Part | B4: Low | C4: Expected | D4: High
A5: Core automations (always on) | B5: ='Core Campaigns'!F19 -> 706920 | C5: ='Core Campaigns'!F20 -> 976920 | D5: ='Core Campaigns'!F21 -> 1172304
A6: Occasional campaigns (BFCM, Christmas, etc.) | B6: ='Occasional Campaigns'!D20 -> 600000 | C6: ='Occasional Campaigns'!E20 -> 800000 | D6: ='Occasional Campaigns'!F20 -> 2500000
A7: Total | B7: =SUM(B5:B6) -> 1306920 | C7: =SUM(C5:C6) -> 1776920 | D7: =SUM(D5:D6) -> 3672304
A9: Segments per message (from Twilio billing console) | C9: 1 | D9: Fill in from October Twilio usage (almost all core volume)
A10: Expected billable segments | C10: =C7*C9 -> 1776920
A12: Legend: blue = input from Customer.io or an assumption · yellow = key assumptions you can change · black = formula · green = link to another tab.
A13: Last 12 months actual: core 424,539 + promo 879,601 = 1,304,140 SMS (see Monthly History).

Sheet Core Campaigns
A1: Core campaigns: running automations with SMS
A2: Source: Customer.io campaign metrics (workspace 179743), Twilio SMS 'Sent', US Eastern months, pulled 2026-10-29.
A4: Campaign | B4: Customer.io ID | C4: SMS steps | D4: Oct 2026 SMS sent (Oct 1-29) | E4: Typical month (input) | F4: Annualized (12 x typical) | G4: Notes
A5: Abandoned Checkout Campaign v3 | B5: 45 | C5: 12 | D5: 72261 | E5: 77500 | F5: =E5*12 -> 930000 | G5: Last 3 full Oct weeks: 18,536 / 17,844 / 17,297
A6: Onboarding — Dog | B6: 29 | C6: 2 | D6: 2166 | E6: 2000 | F6: =E6*12 -> 24000 | G6: Sept low (539), Oct catch-up
A7: Failed Charge | B7: 18 | C7: 2 | D7: 1024 | E7: 1000 | F7: =E7*12 -> 12000 | G7: Steady since Mar 2026
A8: Onboarding — Cat | B8: 33 | C8: 2 | D8: 889 | E8: 600 | F8: =E8*12 -> 7200
A9: Card Validation — Pre-Renewal Series | B9: 32 | C9: 3 | D9: 202 | E9: 270 | F9: =E9*12 -> 3240 | G9: Started late Sept, still ramping
A10: Testimonial Campaign 1 - August 2025 | B10: 9 | C10: 6 | D10: 47 | E10: 40 | F10: =E10*12 -> 480
A11: Abandoned Checkout — All Products (dynamic) | B11: 50 | C11: 3 | D11: 4 | E11: 0 | F11: =E11*12 -> 0 | G11: Test-level; replaces v3 or runs alongside? (open question)
A12: Total | D12: =SUM(D5:D11) -> 76593 | E12: =SUM(E5:E11) -> 81410 | F12: =SUM(F5:F11) -> 976920
A14: Core forecast assumptions
A15: Low case: Abandoned Checkout v3 monthly volume | E15: 55000
A16: High case: growth over expected | E16: 0.2
A18: Core scenario (next 12 months) | E18: Monthly | F18: Annual | G18: Assumption
A19: Low | E19: =E15+E12-E5 -> 58910 | F19: =E19*12 -> 706920 | G19: Abandoned checkout slips to the low-case level; others flat
A20: Expected | E20: =E12 -> 81410 | F20: =E20*12 -> 976920 | G20: Current typical run-rate holds
A21: High | E21: =E20*(1+E16) -> 97692 | F21: =E21*12 -> 1172304 | G21: Growth from traffic/checkouts
A23: Other running campaigns (Lost Pet — Lifecycle (combined), Microchip Abandoned Checkout) are email-only and send no SMS.

Sheet Occasional Campaigns
A1: Occasional campaigns: past promos and next-year plan
A2: Source: Customer.io campaign metrics (workspace 179743), Twilio SMS 'Sent', US Eastern months, pulled 2026-10-29.
A4: Past promo campaign(s) | B4: Month | C4: SMS sent | D4: Failed | E4: Failed %
A5: Sept 2026 — Non-Customer + Existing Customers (Back to School) | B5: Sep 2026 | C5: 223598 | D5: 86431 | E5: =IFERROR(D5/C5,0) -> 0.38654639
A6: August 2026 — Non-Customer + Existing Customers (Disaster Prep) | B6: Aug 2026 | C6: 516560 | D6: 54207 | E6: =IFERROR(D6/C6,0) -> 0.10493844
A7: July 4 — Non-Customer, Existing Customers, SMS 2 (50/50 split) | B7: Jun-Jul 2026 | C7: 59883 | D7: n/a
A8: January 26 Promo | B8: Jan 2026 | C8: 1035 | D8: 2 | E8: =IFERROR(D8/C8,0) -> 0.0019323671
A9: BFCM 2025 + Dog bed November 2025 | B9: Nov 2025 | C9: 78510 | D9: 1749 | E9: =IFERROR(D9/C9,0) -> 0.022277417
A10: Total | C10: =SUM(C5:C9) -> 879586 | D10: =SUM(D5:D9) -> 142389
A12: SMS per single text to the full list (~220k people reached in Aug 2026) | C12: 200000
A14: Holiday campaign (next 12 months) | B14: Month | C14: Expected: texts per person | D14: Low (SMS) | E14: Expected (SMS) | F14: High (SMS)
A15: BFCM | B15: Nov 2026 | C15: 1 | D15: 200000 | E15: =C15*$C$12 -> 200000 | F15: 500000
A16: Christmas / holiday | B16: Dec 2026 | C16: 1 | D16: 200000 | E16: =C16*$C$12 -> 200000 | F16: 500000
A17: New Year / January promo | B17: Jan 2027 | C17: 1 | D17: 100000 | E17: =C17*$C$12 -> 200000 | F17: 400000
A18: July 4 | B18: Jul 2027 | C18: 1 | D18: 100000 | E18: =C18*$C$12 -> 200000 | F18: 400000
A19: Other seasonal sends (e.g. Back to School) | B19: TBD | C19: 0 | D19: 0 | E19: =C19*$C$12 -> 0 | F19: 700000
A20: Total | D20: =SUM(D15:D19) -> 600000 | E20: =SUM(E15:E19) -> 800000 | F20: =SUM(F15:F19) -> 2500000

Sheet Monthly History
A1: SMS sent per month, last 12 months
A2: Source: Customer.io campaign metrics (workspace 179743), Twilio SMS 'Sent', US Eastern months, pulled 2026-10-29. Oct 2026 = Oct 1-29.
A4: Month | B4: Core automations | C4: Workspace total (all SMS) | D4: Occasional / promo (total - core)
A5: Nov 2025 | B5: 14380 | C5: 92898 | D5: =C5-B5 -> 78518
A6: Dec 2025 | B6: 12516 | C6: 12527 | D6: =C6-B6 -> 11
A7: Jan 2026 | B7: 18022 | C7: 18769 | D7: =C7-B7 -> 747
A8: Feb 2026 | B8: 16847 | C8: 17135 | D8: =C8-B8 -> 288
A9: Mar 2026 | B9: 28365 | C9: 28365 | D9: =C9-B9 -> 0
A10: Apr 2026 | B10: 24798 | C10: 24798 | D10: =C10-B10 -> 0
A11: May 2026 | B11: 27822 | C11: 27822 | D11: =C11-B11 -> 0
A12: Jun 2026 | B12: 31235 | C12: 51893 | D12: =C12-B12 -> 20658
A13: Jul 2026 | B13: 49235 | C13: 88460 | D13: =C13-B13 -> 39225
A14: Aug 2026 | B14: 56304 | C14: 572529 | D14: =C14-B14 -> 516225
A15: Sep 2026 | B15: 68422 | C15: 292060 | D15: =C15-B15 -> 223638
A16: Oct 2026 | B16: 76593 | C16: 76884 | D16: =C16-B16 -> 291
A17: Total | B17: =SUM(B5:B16) -> 424539 | C17: =SUM(C5:C16) -> 1304140 | D17: =SUM(D5:D16) -> 879601
A19: Core = Abandoned checkout v1/v2/v3 + Failed Charge + Onboarding Dog/Cat + Card Validation + Testimonial + All Products (dynamic). Small Oct/Jan residuals in the promo column are late sends from earlier promos.
